<gs:GlobalizationServices xmlns:gs="urn:longhornGlobalizationUnattend">
 
<!– user list –> 
    <gs:UserList>
        <gs:User UserID="Current" CopySettingsToDefaultUserAcct="true" CopySettingsToSystemAcct="true"/> 
    </gs:UserList>
 
    <!– GeoID –>
    <gs:LocationPreferences> 
        <gs:GeoID Value="242"/>
    </gs:LocationPreferences>
 
    <gs:MUILanguagePreferences>
        <gs:MUILanguage Value="de-de"/>
        <gs:MUIFallback Value="en-US"/>
    </gs:MUILanguagePreferences>
 
    <!– system locale –>
    <gs:SystemLocale Name="de-de"/>
 
    <!– input preferences –>
    <gs:InputPreferences>
        <gs:InputLanguageID Action="add" ID="0809:00000809" Default="true"/>
        <gs:InputLanguageID Action="add" ID="0409:00000409"/>
      </gs:InputPreferences>
 
    <!– user locale –>
    <gs:UserLocale>
        <gs:Locale Name="de-de" SetAsCurrent="true" ResetAllSettings="false"/>
    </gs:UserLocale>
 </gs:GlobalizationServices>